id,generated
0000aaaa,7.482132792907669e-6
1111bbbb,7.482132792907669e-6
2222cccc,2.2924006985893285e-7
